{
    "500": [
        0.01607649400830269,
        0.012911849189549685,
        0.008911426179111004,
        0.00731848506256938,
        0.006331495940685272,
        0.006329224910587072,
        0.006331729702651501,
        0.006329777650535107,
        0.006331379991024733,
        0.006338649895042181
    ],
    "1000": [
        0.026531305629760027,
        0.026408222038298845,
        0.026393826119601727,
        0.02632288308814168,
        0.026347360108047724,
        0.026342663913965225,
        0.02630846295505762,
        0.026326550170779228,
        0.026424673851579428,
        0.02615283988416195
    ]
}