{
    "500": [
        0.015376457013189793,
        0.014131976990029216,
        0.01378748589195311,
        0.014013007981702685,
        0.014043665025383234,
        0.013933761976659298,
        0.014096726197749376,
        0.013974088011309505,
        0.013961173826828599,
        0.013876813231036067
    ],
    "1000": [
        0.03173925285227597,
        0.03034074092283845,
        0.030461549060419202,
        0.030427383026108146,
        0.0306694230530411,
        0.0306397071108222,
        0.030200663022696972,
        0.030906612053513527,
        0.030441915150731802,
        0.03055971604771912
    ]
}